INSERT INTO VEHICLE_TYPE (TYPE_ID, TYPE) VALUES (1, 'Car');
INSERT INTO VEHICLE_TYPE (TYPE_ID, TYPE) VALUES (2, 'Sedan');
INSERT INTO VEHICLE_TYPE (TYPE_ID, TYPE) VALUES (3, 'Truck');
INSERT INTO VEHICLE_TYPE (TYPE_ID, TYPE) VALUES (4, 'SUV');
INSERT INTO VEHICLE_TYPE (TYPE_ID, TYPE) VALUES (5, 'Commercial');

INSERT INTO VEHICLE (SERIAL_NO, MAKER, MODEL, YEAR, COLOR, TYPE_ID) VALUES ('AJ5JI0145D10DLM', 'Hyundai', 'Sonata', 2013, 'Black', 1);
-- PPV = Police Pursuit Vehicle (color implied)
INSERT INTO VEHICLE (SERIAL_NO, MAKER, MODEL, YEAR, COLOR, TYPE_ID) VALUES ('F456J9J8GE645GE', 'Ford', 'Crown Victory', 2010, 'PPV', 2);
--
INSERT INTO VEHICLE (SERIAL_NO, MAKER, MODEL, YEAR, COLOR, TYPE_ID) VALUES ('55JICLZ10DLMPAU', 'Hyundai', 'Genesis', 2003, 'Grey', 2);
INSERT INTO VEHICLE (SERIAL_NO, MAKER, MODEL, YEAR, COLOR, TYPE_ID) VALUES ('5468GFKEGP2221E', 'Hyundai', 'Genesis', 2005, 'Grey', 2);
INSERT INTO VEHICLE (SERIAL_NO, MAKER, MODEL, YEAR, COLOR, TYPE_ID) VALUES ('AGKKGP212540DLM', 'Chevrolet', 'Silverado', 1999, 'Red', 3);
INSERT INTO VEHICLE (SERIAL_NO, MAKER, MODEL, YEAR, COLOR, TYPE_ID) VALUES ('BKJ2EO87I76G5HG', 'Toyota', 'Highlander', 2016, 'Grey', 4);
INSERT INTO VEHICLE (SERIAL_NO, MAKER, MODEL, YEAR, COLOR, TYPE_ID) VALUES ('JOPJOPJ526KLKK2', 'Buick', 'Enclave', 2008, 'Green', 4);
INSERT INTO VEHICLE (SERIAL_NO, MAKER, MODEL, YEAR, COLOR, TYPE_ID) VALUES ('GJ859JR95J9J52D', 'Lexus', 'RX 350', 1999, 'Pink', 4);
INSERT INTO VEHICLE (SERIAL_NO, MAKER, MODEL, YEAR, COLOR, TYPE_ID) VALUES ('QAKPO495KW16798', 'Toyota', 'Highlander', 2016, 'White', 4);
INSERT INTO VEHICLE (SERIAL_NO, MAKER, MODEL, YEAR, COLOR, TYPE_ID) VALUES ('BRK550011LWQ5QW', 'Volkswagen', 'Transporter', 1990, 'Red', 5);

INSERT INTO PEOPLE (SIN, NAME, HEIGHT, WEIGHT, EYECOLOR, HAIRCOLOR, ADDR, GENDER, BIRTHDAY) 
  VALUES ('101012020230303', 'John Doe', 69, 148, 'Brown', 'Black', '116 St 85 Ave, Edmonton, AB T6G-2R3', 'm', '1995/08/10');
INSERT INTO PEOPLE (SIN, NAME, HEIGHT, WEIGHT, EYECOLOR, HAIRCOLOR, ADDR, GENDER, BIRTHDAY) 
  VALUES ('560945823588696', 'Emily Wails', 64, 138, 'Blue', 'Blonde', '4596 Jagged Carrefour, Kravaksarak, YK Y3E-0O0', 'f', '1992/04/10');
INSERT INTO PEOPLE (SIN, NAME, HEIGHT, WEIGHT, EYECOLOR, HAIRCOLOR, ADDR, GENDER, BIRTHDAY) 
  VALUES ('363477856932067', 'Max Maxwell', 70, 160, 'Blue', 'Black', '9844 Silver Valley, Old Roach, NF A5I-5Q4', 'm', '1985/01/01');
INSERT INTO PEOPLE (SIN, NAME, HEIGHT, WEIGHT, EYECOLOR, HAIRCOLOR, ADDR, GENDER, BIRTHDAY) 
  VALUES ('656439679843667', 'Simon Sayes', 60, 145, 'Blue', 'Black', '1 Churchill Square, Edmonton, AB T5J-2R7', 'm', '1988/07/02');
INSERT INTO PEOPLE (SIN, NAME, HEIGHT, WEIGHT, EYECOLOR, HAIRCOLOR, ADDR, GENDER, BIRTHDAY) 
  VALUES ('424956957002058', 'Jaime White', 69, 149, 'Green', 'Brown', '4567 Lougheed Hwy 260, Burnaby, BC V5C-3Z6', 'f', '1993/04/07');
INSERT INTO PEOPLE (SIN, NAME, HEIGHT, WEIGHT, EYECOLOR, HAIRCOLOR, ADDR, GENDER, BIRTHDAY) 
  VALUES ('559864306043681', 'Jacob Black', 65, 144, 'Blue', 'Red', '8949 Grand Cider Isle, Ox Level, QC G0Y-9W4', 'm', '1994/04/27');
INSERT INTO PEOPLE (SIN, NAME, HEIGHT, WEIGHT, EYECOLOR, HAIRCOLOR, ADDR, GENDER, BIRTHDAY) 
  VALUES ('294854606382359', 'Eileen Tolaw', 67, 155, 'Blue', 'Black', '6210 Bright Dale, Convict Lake, SK S1C-6R6', 'f', '1990/02/13');

-- Someone who isn't the primary owner of a vehicle, but lives in Edmonton
INSERT INTO OWNER (OWNER_ID, VEHICLE_ID, IS_PRIMARY_OWNER) VALUES ('101012020230303', 'AJ5JI0145D10DLM', 'n');
-- A person who is the primary owner, but doesn't live in Edmonton
INSERT INTO OWNER (OWNER_ID, VEHICLE_ID, IS_PRIMARY_OWNER) VALUES ('363477856932067', 'AJ5JI0145D10DLM', 'y');
-- Someone who owns 3 SUVS
INSERT INTO OWNER (OWNER_ID, VEHICLE_ID, IS_PRIMARY_OWNER) VALUES ('101012020230303', 'BKJ2EO87I76G5HG', 'y');
INSERT INTO OWNER (OWNER_ID, VEHICLE_ID, IS_PRIMARY_OWNER) VALUES ('101012020230303', 'JOPJOPJ526KLKK2', 'y');
INSERT INTO OWNER (OWNER_ID, VEHICLE_ID, IS_PRIMARY_OWNER) VALUES ('101012020230303', 'GJ859JR95J9J52D', 'y');
-- Non-primary owner of two SUVs, and primary of 1
INSERT INTO OWNER (OWNER_ID, VEHICLE_ID, IS_PRIMARY_OWNER) VALUES ('560945823588696', 'QAKPO495KW16798', 'y');
INSERT INTO OWNER (OWNER_ID, VEHICLE_ID, IS_PRIMARY_OWNER) VALUES ('560945823588696', 'JOPJOPJ526KLKK2', 'n');
INSERT INTO OWNER (OWNER_ID, VEHICLE_ID, IS_PRIMARY_OWNER) VALUES ('560945823588696', 'GJ859JR95J9J52D', 'n');
-- Person who owns red cars
INSERT INTO OWNER (OWNER_ID, VEHICLE_ID, IS_PRIMARY_OWNER) VALUES ('424956957002058', 'AGKKGP212540DLM', 'y');
INSERT INTO OWNER (OWNER_ID, VEHICLE_ID, IS_PRIMARY_OWNER) VALUES ('424956957002058', 'BRK550011LWQ5QW', 'y');
-- Owns two of the most popular sedan (for duplicates)
INSERT INTO OWNER (OWNER_ID, VEHICLE_ID, IS_PRIMARY_OWNER) VALUES ('656439679843667', '55JICLZ10DLMPAU', 'y');
INSERT INTO OWNER (OWNER_ID, VEHICLE_ID, IS_PRIMARY_OWNER) VALUES ('656439679843667', '5468GFKEGP2221E', 'y');
-- Secondary owner to a non-red car; also is nondriving
INSERT INTO OWNER (OWNER_ID, VEHICLE_ID, IS_PRIMARY_OWNER) VALUES ('559864306043681', 'QAKPO495KW16798', 'n');
-- Police Officer
INSERT INTO OWNER (OWNER_ID, VEHICLE_ID, IS_PRIMARY_OWNER) VALUES ('294854606382359', 'F456J9J8GE645GE', 'y');

INSERT INTO DRIVE_LICENCE (LICENCE_NO, SIN, CLASS, PHOTO, ISSUING_DATE, EXPIRING_DATE)
  VALUES ('090909898987878', '101012020230303', 'Class 5', NULL, '2015/02/01', '2020/08/10');
INSERT INTO DRIVE_LICENCE (LICENCE_NO, SIN, CLASS, PHOTO, ISSUING_DATE, EXPIRING_DATE)
  VALUES ('358869656094582', '560945823588696', 'Class 1', NULL, '2013/04/05', '2018/04/10');
INSERT INTO DRIVE_LICENCE (LICENCE_NO, SIN, CLASS, PHOTO, ISSUING_DATE, EXPIRING_DATE)
  VALUES ('693206736347785', '363477856932067', 'Class 5', NULL, '2015/02/01', '2020/01/01');
INSERT INTO DRIVE_LICENCE (LICENCE_NO, SIN, CLASS, PHOTO, ISSUING_DATE, EXPIRING_DATE)
  VALUES ('984366765643967', '656439679843667', 'Class 5', NULL, '2012/10/16', '2017/07/02');
INSERT INTO DRIVE_LICENCE (LICENCE_NO, SIN, CLASS, PHOTO, ISSUING_DATE, EXPIRING_DATE)
  VALUES ('700205842495695', '424956957002058', 'Class 2', NULL, '2016/02/01', '2021/04/07');
INSERT INTO DRIVE_LICENCE (LICENCE_NO, SIN, CLASS, PHOTO, ISSUING_DATE, EXPIRING_DATE)
  VALUES ('060436815598643', '559864306043681', 'nondriving', NULL, '2012/05/21', '2017/04/27');
INSERT INTO DRIVE_LICENCE (LICENCE_NO, SIN, CLASS, PHOTO, ISSUING_DATE, EXPIRING_DATE)
  VALUES ('638235929485460', '294854606382359', 'CLASS 4', NULL, '2015/02/22', '2020/02/13');
  
INSERT INTO TICKET_TYPE (VTYPE, FINE) VALUES ('Speeding', 100.00);
INSERT INTO TICKET_TYPE (VTYPE, FINE) VALUES ('Stunting', 150.00);
INSERT INTO TICKET_TYPE (VTYPE, FINE) VALUES ('Parking', 200.00);
INSERT INTO TICKET_TYPE (VTYPE, FINE) VALUES ('Stop Sign', 200.00);

INSERT INTO TICKET (TICKET_NO, VIOLATOR_NO, VEHICLE_ID, OFFICE_NO, VTYPE, VDATE, PLACE, DESCRIPTIONS)
  VALUES (1, '101012020230303', 'JOPJOPJ526KLKK2', '294854606382359', 'Stunting', '2016/01/01', '123 Street 45 Ave', 'Stunting; accelerating too quickly at an intersection.');
INSERT INTO TICKET (TICKET_NO, VIOLATOR_NO, VEHICLE_ID, OFFICE_NO, VTYPE, VDATE, PLACE, DESCRIPTIONS)
  VALUES (2, '101012020230303', NULL, '294854606382359', 'Stop Sign', '2014/05/03', '485 Alley Valley', 'Running a stop sign');
INSERT INTO TICKET (TICKET_NO, VIOLATOR_NO, VEHICLE_ID, OFFICE_NO, VTYPE, VDATE, PLACE, DESCRIPTIONS)
  VALUES (3, '363477856932067', 'AJ5JI0145D10DLM', '294854606382359', 'Speeding', '2015/02/02', '24 New Centipede', 'Speeding; driver was going 82kph, speed limit was 70kph');
INSERT INTO TICKET (TICKET_NO, VIOLATOR_NO, VEHICLE_ID, OFFICE_NO, VTYPE, VDATE, PLACE, DESCRIPTIONS)
  VALUES (4, '656439679843667', '55JICLZ10DLMPAU', '294854606382359', 'Parking', '2015/03/02','14207 102 Ave', 'Parking too close to a fire hydrant');
INSERT INTO TICKET (TICKET_NO, VIOLATOR_NO, VEHICLE_ID, OFFICE_NO, VTYPE, VDATE, PLACE, DESCRIPTIONS) 
  VALUES (5, '559864306043681', NULL, '294854606382359', 'Stop Sign', '2013/09/14', '1267 Yonder Place', 'Running a stop sign');
INSERT INTO TICKET (TICKET_NO, VIOLATOR_NO, VEHICLE_ID, OFFICE_NO, VTYPE, VDATE, PLACE, DESCRIPTIONS)
  VALUES (6, '101012020230303', 'JOPJOPJ526KLKK2', '294854606382359', 'Speeding', '2015/04/02', '02 Yellow Brick Road', 'Speeding; driver was going too fast!');
INSERT INTO TICKET (TICKET_NO, VIOLATOR_NO, VEHICLE_ID, OFFICE_NO, VTYPE, VDATE, PLACE, DESCRIPTIONS)
  VALUES (7, '101012020230303', 'BKJ2EO87I76G5HG', '294854606382359', 'Speeding', '2015/04/02', '02 Yellow Brick Road', 'Speeding; he likes to speed too much.');
 
INSERT INTO AUTO_SALE (TRANSACTION_ID, SELLER_ID, BUYER_ID, VEHICLE_ID, S_DATE, PRICE)
  VALUES (1,'363477856932067','101012020230303','BKJ2EO87I76G5HG','2010/02/05', 60000.00);
INSERT INTO AUTO_SALE (TRANSACTION_ID, SELLER_ID, BUYER_ID, VEHICLE_ID, S_DATE, PRICE)
  VALUES (2,'363477856932067','101012020230303','QAKPO495KW16798','2011/05/07', 65000.00);
INSERT INTO AUTO_SALE (TRANSACTION_ID, SELLER_ID, BUYER_ID, VEHICLE_ID, S_DATE, PRICE)
  VALUES (4,'363477856932067','656439679843667','55JICLZ10DLMPAU','2013/07/15', 70000.00);
INSERT INTO AUTO_SALE (TRANSACTION_ID, SELLER_ID, BUYER_ID, VEHICLE_ID, S_DATE, PRICE)
  VALUES (5,'363477856932067','424956957002058','AGKKGP212540DLM','2014/04/20', 45000.00);
INSERT INTO AUTO_SALE (TRANSACTION_ID, SELLER_ID, BUYER_ID, VEHICLE_ID, S_DATE, PRICE)
  VALUES (6,'294854606382359','560945823588696','GJ859JR95J9J52D','2015/06/25', 68000.0);
INSERT INTO AUTO_SALE (TRANSACTION_ID, SELLER_ID, BUYER_ID, VEHICLE_ID, S_DATE, PRICE)
  VALUES (7,'560945823588696','294854606382359','GJ859JR95J9J52D','2015/06/26', 68000.0);
INSERT INTO AUTO_SALE (TRANSACTION_ID, SELLER_ID, BUYER_ID, VEHICLE_ID, S_DATE, PRICE)
  VALUES (8,'294854606382359','560945823588696','GJ859JR95J9J52D','2015/06/27', 68000.0);